<?xml version="1.0" encoding="UTF-8"?><metadata>
    <idinfo>
        <citation>
            <citeinfo>
                <origin/>
                <pubdate>20181126</pubdate>
                <title>ParkBoundaries</title>
                <geoform>vector digital data</geoform>
            </citeinfo>
        </citation>
        <descript>
            <abstract>Park Boundaries: A simplified polygon layer of California State Parks Boundaries, providing Unit name, subtype and other attributes. California State Park Boundaries are for reference and not for official or legal property boundary determination. Current as of February 28, 2022.</abstract>
            <purpose>Representation of the location of State Parks boundaries.</purpose>
        </descript>
        <timeperd>
            <timeinfo>
                <rngdates>
                    <begdate>20181127</begdate>
                    <enddate>20181127</enddate>
                </rngdates>
            </timeinfo>
            <current>Current</current>
        </timeperd>
        <status>
            <progress>In work</progress>
            <update>Continually</update>
        </status>
        <spdom>
            <bounding>
                <westbc>-124.255861</westbc>
                <eastbc>-114.590697</eastbc>
                <northbc>41.994086</northbc>
                <southbc>32.534683</southbc>
            </bounding>
        </spdom>
        <keywords>
            <theme>
                <themekt>Alexandria Digital Library Feature Type Thesaurus</themekt>
                <themekey>parks</themekey>
            </theme>
            <theme>
                <themekt>ISO 19115 Topic Categories</themekt>
                <themekey>location</themekey>
                <themekey>society</themekey>
            </theme>
            <place>
                <placekt>Common geographic areas</placekt>
                <placekey>California</placekey>
            </place>
            <stratum>
                <stratkt>NASA Global Change Master Directory</stratkt>
                <stratkey>buildings</stratkey>
            </stratum>
            <temporal>
                <tempkt>UNESCO Thesaurus Historical Periods</tempkt>
                <tempkey>Contemporary history</tempkey>
                <tempkey>North American history</tempkey>
            </temporal>
        </keywords>
        <accconst>Other Constraints</accconst>
        <useconst>COPYRIGHT 2022 CALIFORNIA STATE PARKS, ALL RIGHTS RESERVEDThese datasets and materials (“Materials”) have been developed by the State of California, Department of Parks and Recreation (“DPR”) for uses beneficial to DPR and as a public service to enhance open government, transparency and accountability. DPR is also known as California State Parks (“CSP”).All Materials are made available on an “as is” basis, on the express condition that users who view, download, transfer or otherwise access or use the Materials expressly accept these Terms of Use and DisclaimersTERMS OF USEAll materials contained herein are protected by the United States Copyright Law, may not be sold or altered, and must be attributed to CSP. These Materials are intended for free distribution for personal or public sector use. Commercial uses of these Materials must be approved by CSP in advance; contact geodata@parks.ca.govfor permission.DATA WARRANTY DISCLAIMERCSP strives to ensure that published Materials are accurate, but makes no warranty, representation or guaranty of any type as to the content, accuracy, timeliness, completeness or fitness for any particular purpose or use, nor shall any such warranty be implied, including, without limitation, the implied warranties of merchantability and fitness for a particular purpose. All warranties are specifically disclaimed. DATA CURRENCY DISCLAIMERThese Materials may be updated at irregular intervals. All users should check for updates regularly and ensure the most current version of the Materials is being used.LIABILITY DISCLAIMERCSP disclaims any responsibility or legal liability to users for damages of any kind, including lost profits, lost savings, business interruption, or any other incidental or consequential damages relating to the providing of the Materials or the use of it. CSP expressly disclaims any responsibility to defend or indemnify users against claims of others based on users’ copying, reliance, distribution, or other use of any of the Materials. Users assume the risk of using these Materials and shall have no remedy at law or equity against CSP in case the Materials provided are inaccurate, incomplete or otherwise defective.</useconst>
        <datacred>California State Parks: Enterprise Geographic Information Systems</datacred>
        <native>Version 6.2 (Build 9200) ; Esri ArcGIS 10.8.1.14362</native>
    </idinfo>
    <dataqual>
        <lineage>
            <srcinfo>
                <typesrc>USBFlashDrive</typesrc>
                <srccontr>eGIS</srccontr>
            </srcinfo>
        </lineage>
    </dataqual>
    <spdoinfo>
        <direct>Vector</direct>
        <ptvctinf>
            <sdtsterm>
                <sdtstype>GT-polygon composed of chains</sdtstype>
                <ptvctcnt>455</ptvctcnt>
            </sdtsterm>
        </ptvctinf>
    </spdoinfo>
    <eainfo>
        <detailed>
            <enttyp>
                <enttypl>ParkBoundaries</enttypl>
                <enttypd>2</enttypd>
                <enttypds>2</enttypds>
            </enttyp>
            <attr>
                <attrlabl>FID</attrlabl>
                <attrdef>Internal feature number.</attrdef>
                <attrdefs>Esri</attrdefs>
                <attrdomv>
                                        					
                    
                    <udom>Sequential unique whole numbers that are automatically generated.</udom>
                                        				
                
                </attrdomv>
            </attr>
            <attr>
                <attrlabl>Shape</attrlabl>
                <attrdef>Feature geometry.</attrdef>
                <attrdefs>Esri</attrdefs>
                <attrdomv>
                                        					
                    
                    <udom>Coordinates defining the features.</udom>
                                        				
                
                </attrdomv>
            </attr>
            <attr>
                <attrlabl>GISACRES</attrlabl>
            </attr>
            <attr>
                <attrlabl>GISID</attrlabl>
                <attrdef>Unique ID provided by eGIS</attrdef>
                <attrdefs>eGIS</attrdefs>
            </attr>
            <attr>
                <attrlabl>UNITNBR</attrlabl>
            </attr>
            <attr>
                <attrlabl>SUBTYPE</attrlabl>
            </attr>
            <attr>
                <attrlabl>UNITNAME</attrlabl>
            </attr>
            <attr>
                <attrlabl>SHARE</attrlabl>
            </attr>
            <attr>
                <attrlabl>Shape_Leng</attrlabl>
            </attr>
            <attr>
                <attrlabl>Shape_Area</attrlabl>
                <attrdef>Area of feature in internal units squared.</attrdef>
                <attrdefs>Esri</attrdefs>
                <attrdomv>
                                        					
                    
                    <udom>Positive real numbers that are automatically generated.</udom>
                                        				
                
                </attrdomv>
            </attr>
        </detailed>
    </eainfo>
    <metainfo>
        <metd>20210309</metd>
        <metc>
            <cntinfo>
                <cntorgp>
                    <cntorg>California State Parks</cntorg>
                    <cntper>Enterprise Geographic Information Systems</cntper>
                </cntorgp>
                <cntaddr>
                    <addrtype>physical</addrtype>
                    <city>Sacramento</city>
                    <state>California</state>
                    <postal>95814</postal>
                    <country>US</country>
                </cntaddr>
                <cntvoice>916 999 9999</cntvoice>
                <cntemail>geodata@parks.ca.gov</cntemail>
            </cntinfo>
        </metc>
        <metstdn>FGDC Content Standard for Digital Geospatial Metadata</metstdn>
        <metstdv>FGDC-STD-001-1998</metstdv>
        <mettc>local time</mettc>
        <metsi>
            <metscs>Enterprise</metscs>
            <metsc>Unclassified</metsc>
            <metshd>Public Use</metshd>
        </metsi>
    </metainfo>
</metadata>
